 Country, GDP (purchasing power parity), Date of Information,,, Country,Population, Date of Information,,Electricity,,Generating capacity (KW),,,,Annual production (KWH),,,,Percent from fossil fuels,,,,Percent from nuclear fuels,,,,Percent from hydroelectric plants,,,,"Percent from other renewable sources (including, for example, wind, waves, solar, and geothermal)",
European Union,15970000000000,2012 est.,,,China,1349585838,July 2013 est.,,,World,"5,144,000,000",2009 est.,,World,"21,330,000,000,000",2010 est.,,Antigua and Barbuda,100,2009 est.,,France,53,2009 est.,,Lesotho,100,2009 est.,,Denmark,34.2,2009 est.
United States,15940000000000,2012 est.,,,India,1220800359,July 2013 est.,,,China,"1,146,000,000",2012 est.,,China,"4,940,000,000,000",2012,,Yemen,100,2009 est.,,Belgium,33.7,2009 est.,,Mozambique,99.9,2012 est.,,Belize,29.5,2009 est.
China,12610000000000,2012 est.,,,United States,316668567,July 2013 est.,,,United States,"1,025,000,000",2010 est.,,United States,"4,120,000,000,000",2010 est.,,American Samoa,100,2009 est.,,Ukraine,25.4,2009 est.,,Paraguay,99.9,2009 est.,,Nicaragua,24.5,2011 est.
India,4761000000000,2012 est.,,,Indonesia,251160124,July 2013 est.,,,Japan,"284,500,000",2009 est.,,European Union,"3,255,000,000,000",2011 est.,,Bahrain,100,2011 est.,,Slovakia,25.4,2009 est.,,Zambia,99.6,2009 est.,,Spain,24.4,2009 est.
Japan,4704000000000,2012 est.,,,Brazil,201009622,July 2013 est.,,,Russia,"223,100,000",2012 est.,,Russia,"1,064,000,000,000",2012 est.,,Barbados,100,2009 est.,,Lithuania,25.2,2009 est.,,Bhutan,98.9,2009 est.,,Portugal,22.5,2009 est.
Germany,3250000000000,2012 est.,,,Pakistan,193238868,July 2013 est.,,,India,"189,300,000",2009 est.,,Japan,"936,200,000,000",2012 est.,,Botswana,100,2009 est.,,Sweden,25,2009 est.,,"Congo, Democratic Republic of the",98.7,2009 est.,,Iceland,22.4,2009 est.
Russia,2555000000000,2012 est.,,,Nigeria,174507539,NA,,,Germany,"153,200,000",2010 est.,,India,"880,000,000,000",2010 est.,,"Bahamas, The",100,2012 est.,,Germany,23,2011 est.,,Burundi,98.1,2009 est.,,Mauritius,18.1,2009 est.
Brazil,2394000000000,2012 est.,,,Bangladesh,163654860,July 2013 est.,,,Canada,"131,500,000",2009 est.,,Canada,"580,600,000,000",2010 est.,,Solomon Islands,100,2009 est.,,"Korea, South",22,2009 est.,,Laos,97.3,2009 est.,,Ireland,17.5,2009 est.
United Kingdom,2375000000000,2012 est.,,,Russia,142500482,July 2013 est.,,,Italy,"122,300,000",2011 est.,,Germany,"558,000,000,000",2010 est.,,Brunei,100,2009 est.,,Slovenia,21.5,2009 est.,,Malawi,94.3,2009 est.,,Italy,15.8,2011 est.
France,2291000000000,2012 est.,,,Japan,127253075,July 2013 est.,,,France,"119,100,000",2009 est.,,France,"539,000,000,000",2010 est.,,Chad,100,2009 est.,,Czech Republic,20.9,2009 est.,,Nepal,92.1,2009 est.,,El Salvador,15.6,2009 est.
Italy,1863000000000,2012 est.,,,Mexico,116220947,July 2013 est.,,,Brazil,"106,200,000",2010 est.,,Brazil,"489,500,000,000",2010 est.,,Cayman Islands,100,2009 est.,,Bulgaria,20.3,2009 est.,,Norway,91.1,2009 est.,,Sweden,15.2,2009 est.
Mexico,1788000000000,2012 est.,,,Philippines,105720644,July 2013 est.,,,Spain,"102,500,000",2012 est.,,"Korea, South","459,500,000,000",2011 est.,,Djibouti,100,2009 est.,,Hungary,20,2011 est.,,Tajikistan,91,2012 est.,,Netherlands,13.7,2009 est.
"Korea, South",1640000000000,2012 est.,,,Ethiopia,93877025,NA,,,United Kingdom,"88,020,000",2009 est.,,United Kingdom,"352,700,000,000",2010 est.,,"Gambia, The",100,2009 est.,,Russia,17.2,2012 est.,,Albania,90.1,2009 est.,,Costa Rica,13.7,2009 est.
Canada,1513000000000,2012 est.,,,Vietnam,92477857,July 2013 est.,,,"Korea, South","80,590,000",2009 est.,,Italy,"302,600,000,000",2011 est.,,Gibraltar,100,2009 est.,,Japan,17.2,2009 est.,,Ethiopia,82.1,2009 est.,,New Zealand,13.3,2009 est.
Spain,1434000000000,2012 est.,,,Egypt,85294388,July 2013 est.,,,Mexico,"59,330,000",2009 est.,,Spain,"279,600,000,000",2010 est.,,Grenada,100,2009 est.,,Switzerland,16.6,2009 est.,,Kyrgyzstan,79.9,2009 est.,,Germany,13,2011 est.
Indonesia,1237000000000,2012 est.,,,Germany,81147265,July 2013 est.,,,Australia,"56,940,000",2009 est.,,South Africa,"257,900,000,000",2012 est.,,Greenland,100,2009 est.,,Finland,16.4,2009 est.,,Togo,78.8,2009 est.,,Kenya,12.9,2009 est.
Turkey,1142000000000,2012 est.,,,Turkey,80694485,July 2013 est.,,,Iran,"56,170,000",2009 est.,,Mexico,"254,400,000,000",2010 est.,,Guam,100,2009 est.,,United Kingdom,12.3,2009 est.,,Afghanistan,76.5,2009 est.,,Austria,12.8,2012 est.
Iran,1016000000000,2012 est.,,,Iran,79853900,July 2013 est.,,,Ukraine,"54,380,000",2009 est.,,Taiwan,"252,200,000,000",2011 est.,,Hong Kong,100,2012 est.,,Armenia,11.8,2009 est.,,Montenegro,75.8,2009 est.,,Philippines,12.8,2009 est.
Australia,986700000000,2012 est.,,,"Congo, Democratic Republic of the",75507308,NA,,,Taiwan,"48,750,000",2011 est.,,Australia,"241,500,000,000",2010 est.,,Kiribati,100,2009 est.,,Taiwan,10.6,2011 est.,,Brazil,74.7,2010 est.,,Guatemala,12.7,2009 est.
Saudi Arabia,921700000000,2012 est.,,,Thailand,67448120,July 2013 est.,,,Turkey,"44,760,000",2009 est.,,Iran,"213,700,000,000",2010 est.,,Kuwait,100,2009 est.,,Canada,10.1,2009 est.,,Iceland,72.9,2009 est.,,Finland,12,2009 est.
Taiwan,918300000000,2012 est.,,,France,65951611,NA,,,Saudi Arabia,"44,490,000",2009 est.,,Saudi Arabia,"212,300,000,000",2010 est.,,Liberia,100,2009 est.,,United States,9.9,2010 est.,,Cameroon,72.2,2009 est.,,Belgium,11.7,2009 est.
Poland,814100000000,2012 est.,,,United Kingdom,63395574,July 2013 est.,,,South Africa,"44,260,000",2009 est.,,Turkey,"201,200,000,000",2010 est.,,Libya,100,2009 est.,,Romania,9.4,2011 est.,,Latvia,71,2009 est.,,Aruba,11.3,2009 est.
Argentina,755300000000,2012 est.,,,Italy,61482297,July 2013 est.,,,Indonesia,"39,900,000",2011 est.,,Ukraine,"198,100,000,000",2012 est.,,Macau,100,2012 est.,,World,7.9,2009 est.,,Switzerland,69.2,2009 est.,,Falkland Islands (Islas Malvinas),10,2009 est.
Netherlands,718600000000,2012 est.,,,Burma,55167330,NA,,,Poland,"35,760,000",2010 est.,,Indonesia,"183,400,000,000",2011 est.,,Montserrat,100,2009 est.,,Spain,7.6,2009 est.,,Namibia,66.7,2012 est.,,Greece,8.5,2009 est.
Thailand,662600000000,2012 est.,,,"Korea, South",48955203,July 2013 est.,,,Sweden,"35,290,000",2009 est.,,Thailand,"173,300,000,000",2012 est.,,Oman,100,2009 est.,,South Africa,4.1,2009 est.,,Colombia,66.6,2009 est.,,Papua New Guinea,8,2009 est.
South Africa,592000000000,2012 est.,,,South Africa,48601098,NA,,,Thailand,"32,600,000",2012 est.,,Poland,"156,400,000,000",2010 est.,,Maldives,100,2009 est.,,Argentina,3.2,2009 est.,,Sudan,66.3,2009 est.,,China,7.6,2012 est.
Egypt,548800000000,2012 est.,,,Tanzania,48261942,NA,,,Argentina,"32,070,000",2009 est.,,Sweden,"147,800,000,000",2010 est.,,Niue,100,2009 est.,,Pakistan,2.3,2009 est.,,Venezuela,64.3,2012 est.,,United Kingdom,7.3,2009 est.
Pakistan,523900000000,2012 est.,,,Spain,47370542,July 2013 est.,,,Norway,"30,950,000",2009 est.,,Egypt,"136,600,000,000",2010 est.,,Niger,100,2009 est.,,Mexico,2.3,2009 est.,,Georgia,62.8,2009 est.,,Czech Republic,7.1,2009 est.
Colombia,511100000000,2012 est.,,,Colombia,45745783,July 2013 est.,,,Venezuela,"27,500,000",2012 est.,,Venezuela,"127,600,000,000",2012 est.,,Vanuatu,100,2009 est.,,India,2.2,2009 est.,,Costa Rica,61.5,2009 est.,,Hungary,7,2011 est.
Malaysia,506700000000,2012 est.,,,Ukraine,44573205,July 2013 est.,,,Vietnam,"26,300,000",2012 est.,,Norway,"122,200,000,000",2010 est.,,Nauru,100,2009 est.,,Netherlands,2,2009 est.,,Uruguay,61.1,2009 est.,,India,7,2009 est.
Nigeria,455500000000,2012 est.,,,Kenya,44037656,NA,,,Netherlands,"25,990,000",2009 est.,,Malaysia,"118,000,000,000",2012 est.,,Guinea-Bissau,100,2009 est.,,Brazil,1.9,2010 est.,,Tanzania,60.5,2009 est.,,Taiwan,6.9,2011 est.
Philippines,431300000000,2012 est.,,,Argentina,42610981,July 2013 est.,,,Malaysia,"25,240,000",2009 est.,,Vietnam,"117,000,000,000",2012 est.,,Qatar,100,2009 est.,,China,1.1,2012 est.,,Austria,59.6,2012 est.,,Fiji,6.4,2009 est.
Belgium,427200000000,2012 est.,,,Poland,38383809,July 2013 est.,,,Romania,"24,980,000",2011 est.,,Argentina,"116,000,000,000",2009 est.,,Saudi Arabia,100,2009 est.,,Aruba,0,2009 est.,,Uganda,59.5,2009 est.,,Brazil,6.3,2010 est.
Venezuela,408500000000,2012 est.,,,Algeria,38087812,July 2013 est.,,,Egypt,"24,670,000",2009 est.,,Netherlands,"108,000,000,000",2010 est.,,Saint Pierre and Miquelon,100,2009 est.,,Antigua and Barbuda,0,2009 est.,,Ghana,59.4,2009 est.,,Honduras,5.4,2009 est.
Sweden,399400000000,2012 est.,,,Sudan,34847910,NA,,,United Arab Emirates,"23,250,000",2009 est.,,Pakistan,"94,650,000,000",2011 est.,,Saint Kitts and Nevis,100,2009 est.,,United Arab Emirates,0,2009 est.,,Canada,57,2009 est.,,France,5.3,2009 est.
Hong Kong,375500000000,2012 est.,,,Uganda,34758809,NA,,,Austria,"21,110,000",2010 est.,,Kazakhstan,"90,530,000,000",2012 est.,,Seychelles,100,2009 est.,,Afghanistan,0,2009 est.,,New Zealand,56.7,2009 est.,,Estonia,5.1,2009 est.
Switzerland,369400000000,2012 est.,,,Canada,34568211,July 2013 est.,,,Pakistan,"20,200,000",2009 est.,,Belgium,"89,250,000,000",2010 est.,,"Saint Helena, Ascension, and Tristan da Cunha",100,2009 est.,,Algeria,0,2009 est.,,Bosnia and Herzegovina,55.5,2009 est.,,Luxembourg,5,2009 est.
Austria,364900000000,2012 est.,,,Morocco,32649130,July 2013 est.,,,Kazakhstan,"18,730,000",2009 est.,,United Arab Emirates,"83,310,000,000",2010 est.,,Saint Lucia,100,2009 est.,,Azerbaijan,0,2009 est.,,Central African Republic,54.3,2009 est.,,World,4.9,2009 est.
Ukraine,340700000000,2012 est.,,,Iraq,31858481,July 2013 est.,,,Czech Republic,"18,320,000",2009 est.,,Czech Republic,"80,440,000,000",2010 est.,,Turks and Caicos Islands,100,2009 est.,,Albania,0,2009 est.,,"Korea, North",52.6,2009 est.,,United States,4.8,2010 est.
Peru,332000000000,2012 est.,,,Afghanistan,31108077,NA,,,Switzerland,"17,700,000",2010 est.,,Finland,"76,160,000,000",2010 est.,,Tonga,100,2009 est.,,Angola,0,2009 est.,,Mali,51.6,2009 est.,,Jamaica,4.7,2009 est.
Singapore,331900000000,2012 est.,,,Nepal,30430267,July 2013 est.,,,Belgium,"17,500,000",2009 est.,,Austria,"69,000,000,000",2012 est.,,Turkmenistan,100,2009 est.,,American Samoa,0,2009 est.,,Cote d'Ivoire,49.4,2009 est.,,Australia,4.7,2009 est.
Vietnam,325900000000,2012 est.,,,Peru,29849303,July 2013 est.,,,Portugal,"17,390,000",2009 est.,,Philippines,"67,740,000,000",2010 est.,,British Virgin Islands,100,2009 est.,,Australia,0,2009 est.,,"Congo, Republic of the",48.8,2012 est.,,Morocco,4.1,2009 est.
Chile,325800000000,2012 est.,,,Malaysia,29628392,July 2013 est.,,,Philippines,"16,360,000",2010 est.,,Switzerland,"62,880,000,000",2011 est.,,Virgin Islands,100,2009 est.,,Austria,0,2012 est.,,Suriname,48.6,2009 est.,,Faroe Islands,4.1,2009 est.
Bangladesh,311000000000,2012 est.,,,Uzbekistan,28661637,July 2013 est.,,,Finland,"16,320,000",2009 est.,,Romania,"60,390,000,000",2011 est.,,West Bank,100,2009 est.,,Bahrain,0,2011 est.,,Panama,48.4,2009 est.,,Canada,3.9,2009 est.
Czech Republic,291700000000,2012 est.,,,Venezuela,28459085,July 2013 est.,,,Chile,"15,520,000",2009 est.,,Chile,"59,750,000,000",2010 est.,,Western Sahara,100,2009 est.,,Barbados,0,2009 est.,,Sweden,46.9,2009 est.,,Mexico,3.3,2009 est.
Norway,281700000000,2012 est.,,,Saudi Arabia,26939583,NA,,,Greece,"14,360,000",2009 est.,,Greece,"57,110,000,000",2010 est.,,United Arab Emirates,100,2009 est.,,Botswana,0,2009 est.,,Rwanda,46.2,2009 est.,,Cape Verde,3.1,2009 est.
Greece,281400000000,2012 est.,,,Yemen,25408288,July 2013 est.,,,Colombia,"13,540,000",2009 est.,,Colombia,"56,280,000,000",2010 est.,,Mongolia,99.9,2009 est.,,Bermuda,0,2012 est.,,Vietnam,45,2012 est.,,Indonesia,3.1,2011 est.
Romania,277900000000,2012 est.,,,Ghana,25199609,NA,,,Denmark,"13,420,000",2009 est.,,Paraguay,"54,410,000,000",2009 est.,,Singapore,99.8,2009 est.,,"Bahamas, The",0,2012 est.,,Croatia,44.7,2009 est.,,Sudan,3,2009 est.
Algeria,277400000000,2012 est.,,,"Korea, North",24720407,July 2013 est.,,,Uzbekistan,"12,400,000",2012 est.,,Israel,"53,550,000,000",2010 est.,,Senegal,99.7,2009 est.,,Bangladesh,0,2009 est.,,Sri Lanka,44.6,2011 est.,,Slovakia,2.7,2009 est.
United Arab Emirates,275800000000,2012 est.,,,Mozambique,24096669,NA,,,Israel,"12,070,000",2009 est.,,Uzbekistan,"52,530,000,000",2012 est.,,Belarus,99.7,2009 est.,,Belize,0,2009 est.,,Kenya,43.8,2009 est.,,Poland,2.7,2010 est.
Israel,252800000000,2012 est.,,,Taiwan,23299716,July 2013 est.,,,Bulgaria,"12,000,000",2010 est.,,Kuwait,"51,320,000,000",2010 est.,,Malta,99.7,2010 est.,,Bosnia and Herzegovina,0,2009 est.,,Angola,43.1,2009 est.,,Uganda,2.6,2009 est.
Portugal,250600000000,2012 est.,,,Madagascar,22599098,July 2013 est.,,,Kuwait,"10,940,000",2009 est.,,Portugal,"50,300,000,000",2010 est.,,Guyana,99.7,2009 est.,,Bolivia,0,2012 est.,,Sao Tome and Principe,42.9,2009 est.,,Switzerland,2.5,2009 est.
Iraq,242500000000,2012 est.,,,Syria,22457336,NA,,,Hong Kong,"10,660,000",2012 est.,,Iraq,"47,400,000,000",2010 est.,,Israel,99.7,2009 est.,,Burma,0,2009 est.,,Ecuador,41.7,2009 est.,,Lithuania,2.4,2009 est.
Kazakhstan,235600000000,2012 est.,,,Cote d'Ivoire,22400835,NA,,,Singapore,"10,470,000",2009 est.,,Singapore,"45,370,000,000",2010 est.,,Trinidad and Tobago,99.7,2009 est.,,Benin,0,2009 est.,,Gabon,41,2009 est.,,New Caledonia,2.4,2009 est.
Denmark,213600000000,2012 est.,,,Australia,22262501,July 2013 est.,,,Algeria,"10,380,000",2009 est.,,New Zealand,"43,400,000,000",2010 est.,,Cyprus,99.7,2009 est.,,Belarus,0,2009 est.,,Peru,41,2009 est.,,Japan,2.3,2009 est.
Finland,200700000000,2012 est.,,,Romania,21790479,July 2013 est.,,,Iraq,"10,110,000",2012 est.,,Bulgaria,"41,900,000,000",2010 est.,,Cuba,99.3,2011 est.,,Solomon Islands,0,2009 est.,,Bolivia,39.3,2012 est.,,Turkey,2.2,2009 est.
Hungary,198800000000,2012 est.,,,Sri Lanka,21675648,July 2013 est.,,,Hungary,"9,900,000",2011 est.,,Hong Kong,"41,300,000,000",2012 est.,,Eritrea,99.3,2009 est.,,Bhutan,0,2009 est.,,Fiji,38.8,2009 est.,,Ecuador,2.1,2009 est.
Ireland,195400000000,2012 est.,,,Cameroon,20549221,NA,,,"Korea, North","9,500,000",2009 est.,,Syria,"40,860,000,000",2009 est.,,Jordan,99.3,2009 est.,,Brunei,0,2009 est.,,Mauritania,38.3,2009 est.,,Norway,2,2009 est.
Qatar,191000000000,2012 est.,,,Angola,18565269,July 2013 est.,,,New Zealand,"9,482,000",2009 est.,,Algeria,"40,220,000,000",2009 est.,,Cook Islands,98.9,2009 est.,,Burundi,0,2009 est.,,Belize,37.2,2009 est.,,Bulgaria,1.9,2009 est.
Morocco,174000000000,2012 est.,,,Burkina Faso,17812961,NA,,,Paraguay,"8,816,000",2009 est.,,Peru,"38,700,000,000",2011 est.,,Benin,98.3,2009 est.,,Cambodia,0,2009 est.,,Chile,34.8,2009 est.,,Romania,1.9,2011 est.
Ecuador,155800000000,2012 est.,,,Kazakhstan,17736896,July 2013 est.,,,Serbia,"8,359,000",2009 est.,,Serbia,"37,860,000,000",2012,,Bermuda,98.2,2012 est.,,Chad,0,2009 est.,,Armenia,34.7,2009 est.,,Bermuda,1.8,2012 est.
Kuwait,153400000000,2012 est.,,,Chile,17216945,July 2013 est.,,,Syria,"8,200,000",2009 est.,,Denmark,"36,390,000,000",2010 est.,,Algeria,97.3,2009 est.,,Sri Lanka,0,2011 est.,,Slovenia,34.5,2009 est.,,Slovenia,1.8,2009 est.
Belarus,149200000000,2012 est.,,,Niger,16899327,July 2013 est.,,,Belarus,"8,032,000",2009 est.,,Bangladesh,"35,700,000,000",2009 est.,,Puerto Rico,97.2,2009 est.,,"Congo, Republic of the",0,2012 est.,,Macedonia,34.3,2009 est.,,Latvia,1.8,2009 est.
New Zealand,134200000000,2012 est.,,,Netherlands,16805037,July 2013 est.,,,Peru,"7,982,000",2009 est.,,Hungary,"34,280,000,000",2012 est.,,Tunisia,96.9,2009 est.,,"Congo, Democratic Republic of the",0,2009 est.,,Zimbabwe,33.9,2009 est.,,Bolivia,1.7,2012 est.
Slovakia,134100000000,2012 est.,,,Malawi,16777547,NA,,,Ireland,"7,401,000",2009 est.,,Libya,"28,600,000,000",2009 est.,,Cape Verde,96.9,2009 est.,,Chile,0,2009 est.,,French Polynesia,33.6,2009 est.,,Egypt,1.7,2009 est.
Angola,130400000000,2012 est.,,,Mali,15968882,July 2013 est.,,,Slovakia,"7,155,000",2009 est.,,Belarus,"28,550,000,000",2009 est.,,Equatorial Guinea,96.8,2009 est.,,Cayman Islands,0,2009 est.,,Nigeria,32.9,2009 est.,,Sri Lanka,1.6,2011 est.
Sri Lanka,128400000000,2012 est.,,,Ecuador,15439429,July 2013 est.,,,Libya,"6,766,000",2009 est.,,Qatar,"28,140,000,000",2010 est.,,Bangladesh,95.8,2009 est.,,Cameroon,0,2009 est.,,Pakistan,32.5,2009 est.,,Cambodia,1.5,2009 est.
Cuba,121000000000,2012 est.,,,Cambodia,15205539,NA,,,Morocco,"6,164,000",2009 est.,,Slovakia,"27,700,000,000",2011 est.,,Cambodia,95.2,2009 est.,,Comoros,0,2009 est.,,Turkey,32.5,2009 est.,,Tunisia,1.4,2009 est.
Syria,107600000000,2011 est.,,,Guatemala,14373472,July 2013 est.,,,Cuba,"5,914,000",2011 est.,,Ireland,"26,350,000,000",2011 est.,,Estonia,94.6,2009 est.,,Colombia,0,2009 est.,,Swaziland,32.3,2009 est.,,"Korea, South",1.3,2009 est.
Tunisia,107100000000,2012 est.,,,Zambia,14222233,NA,,,Nigeria,"5,898,000",2009 est.,,Ecuador,"21,840,000,000",2010 est.,,Somalia,93.8,2009 est.,,Costa Rica,0,2009 est.,,Burma,32.3,2009 est.,,Cook Islands,1.1,2009 est.
Uzbekistan,106400000000,2012 est.,,,Senegal,13300410,July 2013 est.,,,Bangladesh,"5,819,000",2009 est.,,Puerto Rico,"20,710,000,000",2009 est.,,Jamaica,93.5,2009 est.,,Central African Republic,0,2009 est.,,El Salvador,31.4,2009 est.,,Dominica,0.9,2009 est.
Bulgaria,105500000000,2012 est.,,,Zimbabwe,13182908,NA,,,Azerbaijan,"5,798,000",2009 est.,,"Korea, North","20,450,000,000",2009 est.,,Sierra Leone,92.3,2009 est.,,Cuba,0,2011 est.,,Guinea,31.3,2009 est.,,Croatia,0.8,2009 est.
Ethiopia,105000000000,2012 est.,,,Rwanda,12012589,NA,,,Puerto Rico,"5,515,000",2009 est.,,Morocco,"20,090,000,000",2009 est.,,Malaysia,91.7,2009 est.,,Cape Verde,0,2009 est.,,Iraq,31,2012 est.,,Chile,0.7,2009 est.
Dominican Republic,100400000000,2012 est.,,,Chad,11193452,July 2013 est.,,,Ecuador,"4,939,000",2009 est.,,Azerbaijan,"20,000,000,000",2011 est.,,Poland,91.2,2010 est.,,Cook Islands,0,2009 est.,,Faroe Islands,31,2009 est.,,Eritrea,0.7,2009 est.
Azerbaijan,98360000000,2012 est.,,,Guinea,11176026,July 2013 est.,,,Georgia,"4,538,000",2009 est.,,Nigeria,"18,820,000,000",2009 est.,,South Africa,90.8,2009 est.,,Cyprus,0,2009 est.,,Papua New Guinea,30.9,2009 est.,,Ethiopia,0.6,2009 est.
Oman,91540000000,2012 est.,,,South Sudan,11090104,July 2013 est.,,,Tajikistan,"4,500,000",2012 est.,,Oman,"18,590,000,000",2010 est.,,Falkland Islands (Islas Malvinas),90,2009 est.,,Denmark,0,2009 est.,,Honduras,30.8,2009 est.,,South Africa,0.5,2009 est.
Burma,90930000000,2012 est.,,,Cuba,11061886,July 2013 est.,,,Bosnia and Herzegovina,"4,341,000",2009 est.,,Cuba,"17,800,000,000",2011 est.,,Thailand,89,2012 est.,,Djibouti,0,2009 est.,,Madagascar,30.5,2009 est.,,Colombia,0.4,2009 est.
Sudan,86670000000,2012 est.,,,Burundi,10888321,NA,,,Oman,"4,202,000",2009 est.,,Tajikistan,"16,900,000,000",2012 est.,,Aruba,88.7,2009 est.,,Dominica,0,2009 est.,,Samoa,29.2,2009 est.,,Uruguay,0.4,2009 est.
Ghana,83740000000,2012 est.,,,Tunisia,10835873,July 2013 est.,,,Croatia,"4,021,000",2009 est.,,Iceland,"16,770,000,000",2010 est.,,Moldova,88.4,2009 est.,,Dominican Republic,0,2009 est.,,Guatemala,29.1,2009 est.,,Rwanda,0.4,2009 est.
Serbia,80020000000,2012 est.,,,Portugal,10799270,July 2013 est.,,,Qatar,"3,893,000",2009 est.,,Slovenia,"15,610,000,000",2010 est.,,Kazakhstan,88.2,2009 est.,,Ecuador,0,2009 est.,,Argentina,28.3,2009 est.,,Dominican Republic,0.3,2009 est.
Guatemala,79970000000,2012 est.,,,Greece,10772967,July 2013 est.,,,Lithuania,"3,820,000",2011 est.,,Bosnia and Herzegovina,"15,040,000,000",2009 est.,,Lebanon,87.9,2009 est.,,Egypt,0,2009 est.,,Dominica,27,2009 est.,,Israel,0.3,2009 est.
Croatia,79690000000,2012 est.,,,Bolivia,10461053,July 2013 est.,,,Tunisia,"3,648,000",2009 est.,,Turkmenistan,"15,020,000,000",2009 est.,,Burkina Faso,87.3,2009 est.,,Ireland,0,2009 est.,,Romania,27,2011 est.,,Senegal,0.3,2009 est.
Libya,78630000000,2012 est.,,,Belgium,10444268,July 2013 est.,,,Kyrgyzstan,"3,640,000",2009 est.,,Kyrgyzstan,"14,900,000,000",2011 est.,,Indonesia,87,2011 est.,,Equatorial Guinea,0,2009 est.,,Serbia,26.6,2009 est.,,Malta,0.3,2010 est.
Kenya,77140000000,2012 est.,,,Somalia,10251568,NA,,,Slovenia,"3,400,000",2010 est.,,Mozambique,"14,830,000,000",2012 est.,,Egypt,86.9,2009 est.,,Estonia,0,2009 est.,,Portugal,23.3,2009 est.,,Bangladesh,0.3,2009 est.
Tanzania,75070000000,2012 est.,,,Dominican Republic,10219630,July 2013 est.,,,Armenia,"3,173,000",2009 est.,,Tunisia,"14,760,000,000",2009 est.,,Iran,86.1,2009 est.,,Eritrea,0,2009 est.,,Bulgaria,22.2,2009 est.,,Trinidad and Tobago,0.3,2009 est.
Lithuania,66080000000,2012 est.,,,Czech Republic,10162921,July 2013 est.,,,Bahrain,"3,168,000",2009 est.,,Jordan,"14,640,000,000",2011 est.,,Uzbekistan,85.2,2009 est.,,El Salvador,0,2009 est.,,Slovakia,22,2009 est.,,Cyprus,0.3,2009 est.
Puerto Rico,64840000000,2010 est.,,,Hungary,9939470,July 2013 est.,,,Jordan,"3,140,000",2010 est.,,Bahrain,"13,160,000,000",2011 est.,,Syria,84.8,2009 est.,,Ethiopia,0,2009 est.,,China,21.8,2012 est.,,Samoa,0.2,2009 est.
Lebanon,64220000000,2012 est.,,,Haiti,9893934,NA,,,Sri Lanka,"3,139,000",2011 est.,,Lebanon,"12,980,000,000",2009 est.,,Netherlands,84.1,2009 est.,,Fiji,0,2009 est.,,Philippines,21.1,2009 est.,,Thailand,0.2,2012 est.
Yemen,60060000000,2012 est.,,,Benin,9877292,NA,,,Dominican Republic,"2,973,000",2009 est.,,Estonia,"12,890,000,000",2010 est.,,Comoros,83.3,2009 est.,,Falkland Islands (Islas Malvinas),0,2009 est.,,Haiti,21,2011 est.,,Jordan,0.2,2009 est.
Costa Rica,59790000000,2012 est.,,,Belarus,9625888,July 2013 est.,,,Turkmenistan,"2,852,000",2009 est.,,Dominican Republic,"12,300,000,000",2010 est.,,Dominican Republic,83,2009 est.,,Faroe Islands,0,2009 est.,,India,20.9,2009 est.,,Singapore,0.2,2009 est.
Slovenia,58910000000,2012 est.,,,Azerbaijan,9590159,July 2013 est.,,,Guatemala,"2,673,000",2009 est.,,Lithuania,"12,270,000,000",2012 est.,,Azerbaijan,82.3,2009 est.,,French Polynesia,0,2009 est.,,Morocco,20.8,2009 est.,,Vietnam,0.1,2012 est.
Panama,58020000000,2012 est.,,,Sweden,9119423,July 2013 est.,,,Estonia,"2,661,000",2009 est.,,Sri Lanka,"11,520,000,000",2011 est.,,Saint Vincent and the Grenadines,81.6,2009 est.,,"Gambia, The",0,2009 est.,,Mexico,19.4,2009 est.,,Ukraine,0.1,2009 est.
Bolivia,56140000000,2012 est.,,,Honduras,8448465,NA,,,Iceland,"2,571,000",2009 est.,,Zambia,"10,200,000,000",2009 est.,,New Caledonia,79.1,2009 est.,,Gabon,0,2009 est.,,Finland,19.1,2009 est.,,Mongolia,0.1,2009 est.
Uruguay,54670000000,2012 est.,,,Austria,8221646,July 2013 est.,,,Uruguay,"2,516,000",2009 est.,,Georgia,"9,694,000,000",2012 est.,,Haiti,79,2011 est.,,Georgia,0,2009 est.,,New Caledonia,18.5,2009 est.,,Iran,0.1,2009 est.
Cameroon,51610000000,2012 est.,,,Switzerland,7996026,July 2013 est.,,,Costa Rica,"2,490,000",2009 est.,,Uruguay,"9,500,000,000",2011 est.,,Australia,79,2009 est.,,Ghana,0,2009 est.,,World,18.5,2009 est.,,Cuba,0.1,2011 est.
Uganda,51270000000,2012 est.,,,Tajikistan,7910041,July 2013 est.,,,"Congo, Democratic Republic of the","2,475,000",2009 est.,,Costa Rica,"9,470,000,000",2010 est.,,Taiwan,77.2,2011 est.,,Gibraltar,0,2009 est.,,Saint Vincent and the Grenadines,18.4,2009 est.,,Belarus,0.1,2009 est.
Turkmenistan,49750000000,2012 est.,,,Israel,7707042,NA,,,Sudan,"2,338,000",2009 est.,,Croatia,"9,281,000,000",2012 est.,,United States,75.5,2010 est.,,Grenada,0,2009 est.,,Italy,18,2011 est.,,Armenia,0.1,2009 est.
Macau,47190000000,2011 est.,,,Serbia,7243007,NA,,,Lebanon,"2,314,000",2009 est.,,Ghana,"8,764,000,000",2009 est.,,United Kingdom,75.4,2009 est.,,Greenland,0,2009 est.,,Azerbaijan,17.7,2009 est.,,Argentina,0.1,2009 est.
El Salvador,47090000000,2012 est.,,,Hong Kong,7182724,July 2013 est.,,,Mozambique,"2,280,000",2012 est.,,Guatemala,"8,146,000,000",2011 est.,,Ireland,75.3,2009 est.,,Guam,0,2009 est.,,France,17.6,2009 est.,,Antigua and Barbuda,0,2009 est.
Luxembourg,42920000000,2012 est.,,,Togo,7154237,NA,,,Latvia,"2,164,000",2009 est.,,"Congo, Democratic Republic of the","7,750,000,000",2009 est.,,Mauritius,75.2,2009 est.,,Greece,0,2009 est.,,Greece,17,2009 est.,,United Arab Emirates,0,2009 est.
Paraguay,41550000000,2012 est.,,,Bulgaria,6981642,July 2013 est.,,,Zimbabwe,"2,005,000",2009 est.,,Zimbabwe,"7,615,000,000",2009 est.,,Mexico,75,2009 est.,,Guatemala,0,2009 est.,,Comoros,16.7,2009 est.,,Afghanistan,0,2009 est.
Nepal,41220000000,2012 est.,,,Laos,6695166,July 2013 est.,,,Ghana,"1,985,000",2009 est.,,Armenia,"7,432,000,000",2011 est.,,Dominica,72.1,2009 est.,,Guinea,0,2009 est.,,Dominican Republic,16.6,2009 est.,,Algeria,0,2009 est.
Cote d'Ivoire,41010000000,2012 est.,,,Paraguay,6623252,July 2013 est.,,,Macedonia,"1,940,000",2012 est.,,Trinidad and Tobago,"7,271,000,000",2009 est.,,Hungary,72,2011 est.,,Guyana,0,2009 est.,,Syria,15.2,2009 est.,,Azerbaijan,0,2009 est.
"Korea, North",40000000000,2011 est.,,,Jordan,6482081,July 2013 est.,,,Burma,"1,860,000",2009 est.,,Bolivia,"6,940,000,000",2012 est.,,Samoa,70.6,2009 est.,,Haiti,0,2011 est.,,Russia,15.1,2012 est.,,Albania,0,2009 est.
Jordan,39290000000,2012 est.,,,Papua New Guinea,6431902,July 2013 est.,,,Laos,"1,855,000",2009 est.,,Bhutan,"6,826,000,000",2009 est.,,Greece,70.5,2009 est.,,Hong Kong,0,2012 est.,,Uzbekistan,14.8,2009 est.,,Angola,0,2009 est.
Honduras,38420000000,2012 est.,,,Eritrea,6233682,July 2013 est.,,,Panama,"1,815,000",2009 est.,,Kenya,"6,573,000,000",2009 est.,,"Korea, South",69.9,2009 est.,,Honduras,0,2009 est.,,Spain,13.7,2009 est.,,American Samoa,0,2009 est.
Latvia,37880000000,2012 est.,,,El Salvador,6108590,July 2013 est.,,,Kenya,"1,706,000",2009 est.,,Panama,"6,546,000,000",2010 est.,,India,69.9,2009 est.,,Croatia,0,2009 est.,,Iran,13.7,2009 est.,,Bahrain,0,2011 est.
Cambodia,37250000000,2012 est.,,,Libya,6002347,NA,,,Luxembourg,"1,702,000",2009 est.,,Sudan,"6,509,000,000",2009 est.,,Madagascar,69.5,2009 est.,,Iceland,0,2009 est.,,Australia,13.7,2009 est.,,Barbados,0,2009 est.
Afghanistan,34290000000,2012 est.,,,Nicaragua,5788531,July 2013 est.,,,Honduras,"1,697,000",2009 est.,,Latvia,"6,460,000,000",2010 est.,,China,69.5,2012 est.,,Indonesia,0,2011 est.,,Burkina Faso,12.7,2009 est.,,Botswana,0,2009 est.
Bahrain,33630000000,2012 est.,,,Sierra Leone,5612685,July 2013 est.,,,Zambia,"1,679,000",2009 est.,,Yemen,"6,339,000,000",2009 est.,,Iraq,69,2012 est.,,Iran,0,2009 est.,,Lebanon,12.1,2009 est.,,"Bahamas, The",0,2012 est.
Bosnia and Herzegovina,32430000000,2012 est.,,,Denmark,5556452,July 2013 est.,,,Albania,"1,610,000",2009 est.,,Honduras,"6,326,000,000",2009 est.,,Guinea,68.7,2009 est.,,Israel,0,2009 est.,,Kazakhstan,11.8,2009 est.,,Bosnia and Herzegovina,0,2009 est.
Botswana,32060000000,2012 est.,,,Kyrgyzstan,5548042,July 2013 est.,,,Bhutan,"1,505,000",2009 est.,,Macedonia,"5,810,000,000",2012 est.,,Russia,67.7,2012 est.,,Italy,0,2011 est.,,Moldova,11.6,2009 est.,,Burma,0,2009 est.
Estonia,29570000000,2012 est.,,,Slovakia,5488339,July 2013 est.,,,El Salvador,"1,501,000",2009 est.,,El Salvador,"5,728,000,000",2011 est.,,Swaziland,67.7,2009 est.,,Cote d'Ivoire,0,2009 est.,,Egypt,11.4,2009 est.,,Benin,0,2009 est.
"Congo, Democratic Republic of the",28030000000,2012 est.,,,United Arab Emirates,5473972,NA,,,Trinidad and Tobago,"1,429,000",2009 est.,,Burma,"5,708,000,000",2009 est.,,Burma,67.7,2009 est.,,Iraq,0,2012 est.,,Thailand,10.9,2012 est.,,Solomon Islands,0,2009 est.
Trinidad and Tobago,27140000000,2012 est.,,,Singapore,5460302,July 2013 est.,,,Cyprus,"1,392,000",2009 est.,,Cameroon,"5,589,000,000",2009 est.,,Morocco,67.6,2009 est.,,Jamaica,0,2009 est.,,Ukraine,10,2009 est.,,Bhutan,0,2009 est.
Georgia,27110000000,2012 est.,,,Finland,5266114,July 2013 est.,,,Yemen,"1,330,000",2009 est.,,Cote d'Ivoire,"5,533,000,000",2009 est.,,Nigeria,67.1,2009 est.,,Jordan,0,2009 est.,,Indonesia,9.9,2011 est.,,Brunei,0,2009 est.
,,,,,Central African Republic,5166510,NA,,,Bolivia,"1,317,000",2012 est.,,Albania,"5,209,000,000",2009 est.,,World,66.6,2009 est.,,Kenya,0,2009 est.,,Nicaragua,9.5,2011 est.,,Burundi,0,2009 est.
,,,,,Turkmenistan,5113040,July 2013 est.,,,Cote d'Ivoire,"1,222,000",2009 est.,,Jamaica,"5,208,000,000",2009 est.,,French Polynesia,66.4,2009 est.,,Kyrgyzstan,0,2009 est.,,Malaysia,8.3,2009 est.,,Chad,0,2009 est.
,,,,,Ireland,4775982,July 2013 est.,,,Jamaica,"1,198,000",2009 est.,,Kosovo,"5,160,000,000",2011,,Serbia,66.1,2009 est.,,"Korea, North",0,2009 est.,,Sierra Leone,7.7,2009 est.,,"Congo, Republic of the",0,2012 est.
,,,,,Norway,4722701,July 2013 est.,,,Ethiopia,"1,180,000",2009 est.,,Cyprus,"4,887,000,000",2009 est.,,Philippines,66.1,2009 est.,,Kiribati,0,2009 est.,,Japan,7.7,2009 est.,,"Congo, Democratic Republic of the",0,2009 est.
,,,,,Costa Rica,4695942,July 2013 est.,,,Angola,"1,155,000",2009 est.,,Tanzania,"4,489,000,000",2009 est.,,Zimbabwe,66.1,2009 est.,,Kuwait,0,2009 est.,,United States,7.7,2010 est.,,Cayman Islands,0,2009 est.
,,,,,Georgia,4555911,July 2013 est.,,,Cameroon,"1,115,000",2009 est.,,Mongolia,"4,480,000,000",2010 est.,,Nicaragua,66,2011 est.,,Kazakhstan,0,2009 est.,,Mauritius,6.7,2009 est.,,Cameroon,0,2009 est.
,,,,,"Congo, Republic of the",4492689,NA,,,Nicaragua,"1,108,000",2011 est.,,Angola,"4,080,000,000",2009 est.,,Denmark,65.8,2009 est.,,Laos,0,2009 est.,,Somalia,6.3,2009 est.,,Comoros,0,2009 est.
,,,,,Croatia,4475611,July 2013 est.,,,Tanzania,"957,000",2009 est.,,Ethiopia,"4,039,000,000",2009 est.,,Macedonia,65.7,2009 est.,,Lebanon,0,2009 est.,,Poland,6.1,2010 est.,,Central African Republic,0,2009 est.
,,,,,New Zealand,4365113,July 2013 est.,,,Brunei,"894,000",2009 est.,,Nicaragua,"3,824,000,000",2011 est.,,Argentina,65.4,2009 est.,,Latvia,0,2009 est.,,Czech Republic,5.7,2009 est.,,Djibouti,0,2009 est.
,,,,,Lebanon,4131583,July 2013 est.,,,Mauritius,"885,200",2009 est.,,Brunei,"3,723,000,000",2011 est.,,Turkey,65.3,2009 est.,,Liberia,0,2009 est.,,Taiwan,5.3,2011 est.,,Equatorial Guinea,0,2009 est.
,,,,,Liberia,3989703,July 2013 est.,,,Montenegro,"868,000",2009 est.,,Nepal,"3,431,000,000",2012 est.,,Pakistan,65.2,2009 est.,,Lesotho,0,2009 est.,,Bangladesh,4,2009 est.,,French Polynesia,0,2009 est.
,,,,,Bosnia and Herzegovina,3875723,July 2013 est.,,,Mongolia,"833,200",2009 est.,,Papua New Guinea,"3,331,000,000",2009 est.,,Italy,65,2011 est.,,Luxembourg,0,2009 est.,,Cambodia,3.3,2009 est.,,"Gambia, The",0,2009 est.
,,,,,Puerto Rico,3674209,July 2013 est.,,,Nepal,"717,000",2009 est.,,Mauritius,"2,889,000,000",2009 est.,,Faroe Islands,64.9,2009 est.,,Libya,0,2009 est.,,Ireland,3.2,2009 est.,,Gabon,0,2009 est.
,,,,,Moldova,3619925,July 2013 est.,,,Papua New Guinea,"700,000",2009 est.,,Montenegro,"2,621,000,000",2009 est.,,Ukraine,64.4,2009 est.,,Madagascar,0,2009 est.,,Equatorial Guinea,3.2,2009 est.,,Georgia,0,2009 est.
,,,,,Panama,3559408,July 2013 est.,,,Senegal,"638,000",2009 est.,,Senegal,"2,608,000,000",2009 est.,,Chile,64.4,2009 est.,,Macau,0,2012 est.,,Germany,3,2011 est.,,Ghana,0,2009 est.
,,,,,Lithuania,3515858,July 2013 est.,,,Malta,"573,000",2010 est.,,Luxembourg,"2,490,000,000",2010 est.,,Japan,63.9,2009 est.,,Moldova,0,2009 est.,,Puerto Rico,2.8,2009 est.,,Gibraltar,0,2009 est.
,,,,,Mauritania,3437610,July 2013 est.,,,"Congo, Republic of the","559,000",2012 est.,,Uganda,"2,445,000,000",2009 est.,,Honduras,63.9,2009 est.,,Mongolia,0,2009 est.,,Algeria,2.7,2009 est.,,Grenada,0,2009 est.
,,,,,Uruguay,3324460,July 2013 est.,,,Guam,"553,000",2009 est.,,Malta,"2,168,000,000",2011,,Mauritania,61.7,2009 est.,,Montserrat,0,2009 est.,,Lithuania,2.4,2009 est.,,Greenland,0,2009 est.
,,,,,Mongolia,3226516,July 2013 est.,,,Moldova,"551,000",2009 est.,,"Bahamas, The","1,930,000,000",2010 est.,,Romania,61.7,2011 est.,,Malawi,0,2009 est.,,Luxembourg,2,2009 est.,,Guam,0,2009 est.
,,,,,Oman,3154134,NA,,,Uganda,"529,000",2009 est.,,Guam,"1,755,000,000",2009 est.,,Papua New Guinea,61.1,2009 est.,,Montenegro,0,2009 est.,,"Korea, South",2,2009 est.,,Guinea,0,2009 est.
,,,,,Albania,3011405,July 2013 est.,,,Namibia,"508,000",2012 est.,,Malawi,"1,736,000,000",2009 est.,,Czech Republic,60,2009 est.,,Macedonia,0,2009 est.,,United Kingdom,1.9,2009 est.,,Guyana,0,2009 est.
,,,,,Armenia,2974184,July 2013 est.,,,"Bahamas, The","490,000",2010 est.,,New Caledonia,"1,675,000,000",2009 est.,,Gabon,59,2009 est.,,Mali,0,2009 est.,,Jamaica,1.8,2009 est.,,Haiti,0,2011 est.
,,,,,Jamaica,2909714,July 2013 est.,,,Afghanistan,"489,100",2009 est.,,Namibia,"1,643,000,000",2012 est.,,Peru,59,2009 est.,,Morocco,0,2009 est.,,Benin,1.7,2009 est.,,Hong Kong,0,2012 est.
,,,,,Kuwait,2695316,NA,,,Macau,"472,000",2012 est.,,Gabon,"1,604,000,000",2009 est.,,Bolivia,58.9,2012 est.,,Mauritius,0,2009 est.,,Tunisia,1.7,2009 est.,,Cote d'Ivoire,0,2009 est.
,,,,,West Bank,2676740,NA,,,New Caledonia,"421,000",2009 est.,,Suriname,"1,603,000,000",2009 est.,,Guatemala,58.2,2009 est.,,Mauritania,0,2009 est.,,South Africa,1.5,2009 est.,,Iraq,0,2012 est.
,,,,,Namibia,2182852,July 2013 est.,,,Gabon,"415,000",2009 est.,,Laos,"1,553,000,000",2010 est.,,Sao Tome and Principe,57.1,2009 est.,,Malta,0,2010 est.,,Hungary,1,2011 est.,,Kyrgyzstan,0,2009 est.
,,,,,Latvia,2178443,July 2013 est.,,,Madagascar,"406,000",2009 est.,,Madagascar,"1,350,000,000",2009 est.,,Angola,56.9,2009 est.,,Oman,0,2009 est.,,Belgium,0.6,2009 est.,,"Korea, North",0,2009 est.
,,,,,Botswana,2127825,NA,,,Guinea,"393,000",2009 est.,,Curacao,"1,167,000,000",2008 est.,,Ecuador,56.2,2009 est.,,Maldives,0,2009 est.,,Cuba,0.6,2011 est.,,Kiribati,0,2009 est.
,,,,,Macedonia,2087171,July 2013 est.,,,Cambodia,"390,900",2009 est.,,Barbados,"1,037,000,000",2010 est.,,Germany,55,2011 est.,,Malaysia,0,2009 est.,,Jordan,0.5,2009 est.,,Kuwait,0,2009 est.
,,,,,Qatar,2042444,July 2013 est.,,,Suriname,"389,000",2009 est.,,Cambodia,"1,019,000,000",2011 est.,,Vietnam,55,2012 est.,,Mozambique,0,2012 est.,,Estonia,0.3,2009 est.,,Kazakhstan,0,2009 est.
,,,,,Slovenia,1992690,July 2013 est.,,,Guyana,"343,000",2009 est.,,Moldova,"1,016,000,000",2011 est.,,Fiji,54.8,2009 est.,,New Caledonia,0,2009 est.,,Guyana,0.3,2009 est.,,Laos,0,2009 est.
,,,,,Lesotho,1936181,NA,,,Virgin Islands,"323,000",2009 est.,,Guinea,"955,000,000",2009 est.,,Sri Lanka,53.8,2011 est.,,Niue,0,2009 est.,,Belarus,0.2,2009 est.,,Lebanon,0,2009 est.
,,,,,"Gambia, The",1883051,July 2013 est.,,,Mali,"304,000",2009 est.,,Afghanistan,"913,100,000",2009 est.,,Lithuania,53.8,2009 est.,,Niger,0,2009 est.,,Israel,0.1,2009 est.,,Liberia,0,2009 est.
,,,,,Kosovo,1847708,July 2013 est.,,,Malawi,"299,500",2009 est.,,Aruba,"880,000,000",2009 est.,,Rwanda,53.3,2009 est.,,Vanuatu,0,2009 est.,,Netherlands,0.1,2009 est.,,Lesotho,0,2009 est.
,,,,,Gaza Strip,1763387,July 2013 est.,,,Aruba,"266,000",2009 est.,,Virgin Islands,"872,000,000",2009 est.,,Armenia,53.3,2009 est.,,Nigeria,0,2009 est.,,Denmark,0.1,2009 est.,,Libya,0,2009 est.
,,,,,Guinea-Bissau,1660870,July 2013 est.,,,Mauritania,"253,000",2009 est.,,Fiji,"869,100,000",2010 est.,,El Salvador,53,2009 est.,,Norway,0,2009 est.,,Aruba,0,2009 est.,,Madagascar,0,2009 est.
,,,,,Gabon,1640286,NA,,,Burkina Faso,"252,000",2009 est.,,Guyana,"817,000,000",2009 est.,,Finland,52.5,2009 est.,,Nepal,0,2009 est.,,Yemen,0,2009 est.,,Macau,0,2012 est.
,,,,,Swaziland,1403362,NA,,,Barbados,"239,100",2009 est.,,Haiti,"726,000,000",2012 est.,,Panama,51.6,2009 est.,,Nauru,0,2009 est.,,United Arab Emirates,0,2009 est.,,Moldova,0,2009 est.
,,,,,Mauritius,1322238,July 2013 est.,,,Fiji,"219,100",2009 est.,,French Polynesia,"725,000,000",2009 est.,,Suriname,51.4,2009 est.,,Suriname,0,2009 est.,,American Samoa,0,2009 est.,,Montserrat,0,2009 est.
,,,,,Bahrain,1281332,NA,,,Liberia,"197,000",2009 est.,,Bermuda,"716,800,000",2011 est.,,"Congo, Republic of the",51.2,2012 est.,,Nicaragua,0,2011 est.,,Bahrain,0,2011 est.,,Malawi,0,2009 est.
,,,,,Estonia,1266375,July 2013 est.,,,Bermuda,"165,000",2011 est.,,Burkina Faso,"664,400,000",2009 est.,,Cote d'Ivoire,50.6,2009 est.,,New Zealand,0,2009 est.,,Barbados,0,2009 est.,,Montenegro,0,2009 est.
,,,,,Trinidad and Tobago,1225225,July 2013 est.,,,Cayman Islands,"152,600",2009 est.,,Cayman Islands,"593,500,000",2010 est.,,Spain,48.7,2009 est.,,Paraguay,0,2009 est.,,Botswana,0,2009 est.,,Macedonia,0,2009 est.
,,,,,Timor-Leste,1172390,NA,,,Niger,"145,000",2009 est.,,Macau,"561,000,000",2012 est.,,Mali,48.4,2009 est.,,Peru,0,2009 est.,,Bermuda,0,2012 est.,,Mali,0,2009 est.
,,,,,Cyprus,1155403,July 2013 est.,,,West Bank,"140,000",2009 est.,,"Congo, Republic of the","559,000,000",2012 est.,,Portugal,48.3,2009 est.,,Poland,0,2010 est.,,"Bahamas, The",0,2012 est.,,Mauritania,0,2009 est.
,,,,,Fiji,896758,July 2013 est.,,,French Polynesia,"140,000",2009 est.,,Mali,"520,000,000",2009 est.,,"Korea, North",47.4,2009 est.,,Panama,0,2009 est.,,Solomon Islands,0,2009 est.,,Oman,0,2009 est.
,,,,,Djibouti,792198,July 2013 est.,,,Eritrea,"139,000",2009 est.,,Mauritania,"474,000,000",2009 est.,,Croatia,47.2,2009 est.,,Portugal,0,2009 est.,,Brunei,0,2009 est.,,Maldives,0,2009 est.
,,,,,Comoros,752288,July 2013 est.,,,Greenland,"137,000",2009 est.,,West Bank,"470,000,000",2009 est.,,Bulgaria,46.4,2009 est.,,Papua New Guinea,0,2009 est.,,Chad,0,2009 est.,,Malaysia,0,2009 est.
,,,,,Guyana,739903,NA,,,Botswana,"132,000",2011 est.,,Swaziland,"450,000,000",2009 est.,,Belgium,46.4,2009 est.,,Guinea-Bissau,0,2009 est.,,Cayman Islands,0,2009 est.,,Mozambique,0,2012 est.
,,,,,Bhutan,725296,NA,,,Swaziland,"130,000",2009 est.,,Botswana,"417,000,000",2009 est.,,Central African Republic,45.7,2009 est.,,Qatar,0,2009 est.,,Cape Verde,0,2009 est.,,Niue,0,2009 est.
,,,,,Equatorial Guinea,704001,July 2013 est.,,,Djibouti,"130,000",2009 est.,,Saint Lucia,"358,000,000",2010 est.,,Bosnia and Herzegovina,44.5,2009 est.,,Serbia,0,2009 est.,,Cook Islands,0,2009 est.,,Niger,0,2009 est.
,,,,,Montenegro,653474,July 2013 est.,,,Haiti,"130,000",2012 est.,,Djibouti,"350,000,000",2009 est.,,Kenya,43.3,2009 est.,,Philippines,0,2009 est.,,Cyprus,0,2009 est.,,Vanuatu,0,2009 est.
,,,,,Solomon Islands,597248,July 2013 est.,,,Belize,"102,100",2009 est.,,Liberia,"335,000,000",2009 est.,,Slovenia,42.2,2009 est.,,Puerto Rico,0,2009 est.,,Djibouti,0,2009 est.,,Nigeria,0,2009 est.
,,,,,Macau,583003,July 2013 est.,,,Faroe Islands,"100,100",2009 est.,,Somalia,"315,000,000",2009 est.,,Ghana,40.6,2009 est.,,Rwanda,0,2009 est.,,Eritrea,0,2009 est.,,Nepal,0,2009 est.
,,,,,Suriname,566846,July 2013 est.,,,Seychelles,"95,000",2009 est.,,Sint Maarten,"304,300,000",2008 est.,,Tanzania,39.5,2009 est.,,Saudi Arabia,0,2009 est.,,Falkland Islands (Islas Malvinas),0,2009 est.,,Nauru,0,2009 est.
,,,,,Western Sahara,538811,July 2013 est.,,,Cape Verde,"89,800",2009 est.,,Maldives,"300,000,000",2009 est.,,Uruguay,38.5,2009 est.,,Saint Pierre and Miquelon,0,2009 est.,,"Gambia, The",0,2009 est.,,Suriname,0,2009 est.
,,,,,Cape Verde,531046,July 2013 est.,,,Togo,"85,000",2009 est.,,Faroe Islands,"280,300,000",2010 est.,,Uganda,37.8,2009 est.,,Saint Kitts and Nevis,0,2009 est.,,Gibraltar,0,2009 est.,,Paraguay,0,2009 est.
,,,,,Luxembourg,514862,July 2013 est.,,,Somalia,"80,000",2009 est.,,Eritrea,"277,000,000",2009 est.,,Georgia,37.2,2009 est.,,Seychelles,0,2009 est.,,Grenada,0,2009 est.,,Peru,0,2009 est.
,,,,,Brunei,415717,July 2013 est.,,,Saint Lucia,"76,000",2009 est.,,Cape Verde,"277,000,000",2009 est.,,Slovakia,37.1,2009 est.,,Senegal,0,2009 est.,,Greenland,0,2009 est.,,Pakistan,0,2009 est.
,,,,,Malta,411277,July 2013 est.,,,Lesotho,"76,000",2009 est.,,Greenland,"276,600,000",2010 est.,,Venezuela,35.7,2012 est.,,"Saint Helena, Ascension, and Tristan da Cunha",0,2009 est.,,Guam,0,2009 est.,,Panama,0,2009 est.
,,,,,Maldives,393988,July 2013 est.,,,Maldives,"62,010",2009 est.,,Seychelles,"245,000,000",2009 est.,,Belize,33.3,2009 est.,,Sierra Leone,0,2009 est.,,Hong Kong,0,2012 est.,,Guinea-Bissau,0,2009 est.
,,,,,Belize,334297,July 2013 est.,,,Benin,"60,000",2009 est.,,Rwanda,"240,200,000",2009 est.,,Namibia,33.3,2012 est.,,Singapore,0,2009 est.,,Kiribati,0,2009 est.,,Qatar,0,2009 est.
,,,,,"Bahamas, The",319031,NA,,,American Samoa,"60,000",2009 est.,,"Gambia, The","240,000,000",2009 est.,,Colombia,32.9,2009 est.,,Somalia,0,2009 est.,,Kuwait,0,2009 est.,,Serbia,0,2009 est.
,,,,,Iceland,315281,July 2013 est.,,,Western Sahara,"58,000",2009 est.,,Niger,"210,000,000",2009 est.,,Sudan,30.7,2009 est.,,Saint Lucia,0,2009 est.,,Liberia,0,2009 est.,,Puerto Rico,0,2009 est.
,,,,,Barbados,288725,July 2013 est.,,,Rwanda,"56,250",2009 est.,,Grenada,"201,400,000",2010 est.,,New Zealand,30,2009 est.,,Sudan,0,2009 est.,,Libya,0,2009 est.,,Russia,0,2012 est.
,,,,,French Polynesia,277293,July 2013 est.,,,"Gambia, The","53,000",2009 est.,,Turks and Caicos Islands,"200,000,000",2009 est.,,Canada,28.8,2009 est.,,Syria,0,2009 est.,,Macau,0,2012 est.,,Saudi Arabia,0,2009 est.
,,,,,New Caledonia,264022,July 2013 est.,,,Burundi,"52,000",2009 est.,,Lesotho,"200,000,000",2009 est.,,Luxembourg,28.4,2009 est.,,Trinidad and Tobago,0,2009 est.,,Mongolia,0,2009 est.,,Saint Pierre and Miquelon,0,2009 est.
,,,,,Vanuatu,261565,July 2013 est.,,,Sierra Leone,"52,000",2009 est.,,"Micronesia, Federated States of","192,000,000",2002,,Cameroon,27.8,2009 est.,,Thailand,0,2012 est.,,Montserrat,0,2009 est.,,Saint Kitts and Nevis,0,2009 est.
,,,,,Samoa,195476,NA,,,Turks and Caicos Islands,"50,000",2009 est.,,American Samoa,"190,000,000",2009 est.,,Austria,27.5,2012 est.,,Tajikistan,0,2012 est.,,Malta,0,2010 est.,,Seychelles,0,2009 est.
,,,,,Sao Tome and Principe,186817,July 2013 est.,,,Saint Vincent and the Grenadines,"49,000",2009 est.,,Gibraltar,"164,000,000",2009 est.,,Latvia,27.3,2009 est.,,Turks and Caicos Islands,0,2009 est.,,Oman,0,2009 est.,,"Saint Helena, Ascension, and Tristan da Cunha",0,2009 est.
,,,,,Saint Lucia,162781,July 2013 est.,,,Central African Republic,"46,000",2009 est.,,Central African Republic,"160,000,000",2009 est.,,Costa Rica,24.8,2009 est.,,Tonga,0,2009 est.,,Maldives,0,2009 est.,,Sierra Leone,0,2009 est.
,,,,,Guam,160378,July 2013 est.,,,Samoa,"41,100",2009 est.,,Saint Kitts and Nevis,"135,000,000",2009 est.,,Montenegro,24.2,2009 est.,,Togo,0,2009 est.,,Niue,0,2009 est.,,Somalia,0,2009 est.
,,,,,Curacao,146836,July 2013 est.,,,Gibraltar,"36,000",2009 est.,,Saint Vincent and the Grenadines,"132,000,000",2009 est.,,Afghanistan,23.5,2009 est.,,Sao Tome and Principe,0,2009 est.,,Niger,0,2009 est.,,Saint Lucia,0,2009 est.
,,,,,Grenada,109590,July 2013 est.,,,Grenada,"33,000",2009 est.,,Timor-Leste,"131,700,000",2011 est.,,Togo,21.2,2009 est.,,Tunisia,0,2009 est.,,Vanuatu,0,2009 est.,,Syria,0,2009 est.
,,,,,Aruba,109153,NA,,,Equatorial Guinea,"31,000",2009 est.,,Burundi,"127,000,000",2009 est.,,France,20.5,2009 est.,,Turkey,0,2009 est.,,Nauru,0,2009 est.,,Tajikistan,0,2012 est.
,,,,,Tonga,106322,July 2013 est.,,,Chad,"31,000",2009 est.,,Togo,"123,000,000",2009 est.,,Kyrgyzstan,20.1,2009 est.,,Turkmenistan,0,2009 est.,,Guinea-Bissau,0,2009 est.,,Turks and Caicos Islands,0,2009 est.
,,,,,"Micronesia, Federated States of",106104,July 2013 est.,,,Antigua and Barbuda,"27,000",2009 est.,,Sierra Leone,"120,000,000",2009 est.,,Ethiopia,17.2,2009 est.,,Tanzania,0,2009 est.,,Qatar,0,2009 est.,,Tonga,0,2009 est.
,,,,,Virgin Islands,104737,July 2013 est.,,,Saint Pierre and Miquelon,"27,000",2009 est.,,Benin,"120,000,000",2009 est.,,Brazil,17.1,2010 est.,,Uganda,0,2009 est.,,Saudi Arabia,0,2009 est.,,Togo,0,2009 est.
,,,,,Kiribati,103248,July 2013 est.,,,Dominica,"22,200",2009 est.,,Antigua and Barbuda,"115,000,000",2009 est.,,Sweden,12.5,2009 est.,,Burkina Faso,0,2009 est.,,Saint Pierre and Miquelon,0,2009 est.,,Sao Tome and Principe,0,2009 est.
,,,,,Saint Vincent and the Grenadines,103220,July 2013 est.,,,Saint Kitts and Nevis,"22,000",2009 est.,,Samoa,"104,200,000",2009 est.,,Albania,9.9,2009 est.,,Uruguay,0,2009 est.,,Saint Kitts and Nevis,0,2009 est.,,Turkmenistan,0,2009 est.
,,,,,Jersey,95732,July 2013 est.,,,Guinea-Bissau,"21,000",2009 est.,,Equatorial Guinea,"97,000,000",2009 est.,,Tajikistan,9,2012 est.,,Uzbekistan,0,2009 est.,,Seychelles,0,2009 est.,,Tanzania,0,2009 est.
,,,,,Seychelles,90846,July 2013 est.,,,Solomon Islands,"14,000",2009 est.,,Chad,"95,000,000",2009 est.,,Nepal,7.9,2009 est.,,Saint Vincent and the Grenadines,0,2009 est.,,Senegal,0,2009 est.,,Burkina Faso,0,2009 est.
,,,,,Antigua and Barbuda,90156,July 2013 est.,,,Sao Tome and Principe,"14,000",2009 est.,,Andorra,"91,240,000",2011,,Malawi,5.7,2009 est.,,Venezuela,0,2012 est.,,"Saint Helena, Ascension, and Tristan da Cunha",0,2009 est.,,Uzbekistan,0,2009 est.
,,,,,Isle of Man,86159,July 2013 est.,,,Tonga,"12,000",2009 est.,,Western Sahara,"90,000,000",2009 est.,,Iceland,4.7,2009 est.,,British Virgin Islands,0,2009 est.,,Singapore,0,2009 est.,,Saint Vincent and the Grenadines,0,2009 est.
,,,,,Andorra,85293,July 2013 est.,,,Vanuatu,"12,000",2009 est.,,Dominica,"85,500,000",2009 est.,,Laos,2.7,2009 est.,,Vietnam,0,2012 est.,,Saint Lucia,0,2009 est.,,Venezuela,0,2012 est.
,,,,,Dominica,73286,July 2013 est.,,,Nauru,"11,000",2009 est.,,Solomon Islands,"82,000,000",2009 est.,,Norway,2.6,2009 est.,,Virgin Islands,0,2009 est.,,Trinidad and Tobago,0,2009 est.,,British Virgin Islands,0,2009 est.
,,,,,Marshall Islands,69747,July 2013 est.,,,British Virgin Islands,"10,000",2009 est.,,Guinea-Bissau,"65,000,000",2009 est.,,Switzerland,2.5,2009 est.,,Namibia,0,2012 est.,,Turks and Caicos Islands,0,2009 est.,,Virgin Islands,0,2009 est.
,,,,,Bermuda,69467,July 2013 est.,,,Montserrat,"10,000",2009 est.,,Vanuatu,"55,000,000",2009 est.,,Burundi,1.9,2009 est.,,West Bank,0,2009 est.,,Tonga,0,2009 est.,,Namibia,0,2012 est.
,,,,,Guernsey,65605,July 2013 est.,,,Falkland Islands (Islas Malvinas),"10,000",2009 est.,,Saint Pierre and Miquelon,"53,000,000",2009 est.,,"Congo, Democratic Republic of the",1.3,2009 est.,,Western Sahara,0,2009 est.,,Turkmenistan,0,2009 est.,,West Bank,0,2009 est.
,,,,,Greenland,57714,July 2013 est.,,,Cook Islands,"8,090",2009 est.,,Belize,"52,030,000",2011 est.,,Bhutan,1.1,2009 est.,,Samoa,0,2009 est.,,British Virgin Islands,0,2009 est.,,Western Sahara,0,2009 est.
,,,,,American Samoa,54719,July 2013 est.,,,Comoros,"6,000",2009 est.,,Comoros,"52,000,000",2009 est.,,Zambia,0.4,2009 est.,,Swaziland,0,2009 est.,,Virgin Islands,0,2009 est.,,Swaziland,0,2009 est.
,,,,,Cayman Islands,53737,July 2013 est.,,,Kiribati,"6,000",2009 est.,,British Virgin Islands,"50,000,000",2009 est.,,Mozambique,0.1,2012 est.,,Yemen,0,2009 est.,,West Bank,0,2009 est.,,Yemen,0,2009 est.
,,,,,Northern Mariana Islands,51170,July 2013 est.,,,"Saint Helena, Ascension, and Tristan da Cunha","4,000",2009 est.,,Tonga,"41,000,000",2009 est.,,Paraguay,0.1,2009 est.,,Zambia,0,2009 est.,,Western Sahara,0,2009 est.,,Zambia,0,2009 est.
,,,,,Saint Kitts and Nevis,51134,July 2013 est.,,,Niue,"1,000",2009 est.,,Nauru,"33,000,000",2009 est.,,Lesotho,0,2009 est.,,Zimbabwe,0,2009 est.,,Antigua and Barbuda,0,2009 est.,,Zimbabwe,0,2009 est.
,,,,,Faroe Islands,49709,July 2013 est.,,,,,,,Sao Tome and Principe,"32,000,000",2009 est.,,,,,,,,,,,,,,,,
,,,,,Turks and Caicos Islands,47754,July 2013 est.,,,,,,,Cook Islands,"31,130,000",2009 est.,,,,,,,,,,,,,,,,
,,,,,Sint Maarten,39689,July 2013 est.,,,,,,,Montserrat,"22,000,000",2009 est.,,,,,,,,,,,,,,,,
,,,,,Liechtenstein,37009,July 2013 est.,,,,,,,Kiribati,"21,000,000",2009 est.,,,,,,,,,,,,,,,,
,,,,,San Marino,32448,July 2013 est.,,,,,,,Falkland Islands (Islas Malvinas),"19,000,000",2009 est.,,,,,,,,,,,,,,,,
,,,,,British Virgin Islands,31912,July 2013 est.,,,,,,,"Saint Helena, Ascension, and Tristan da Cunha","8,000,000",2009 est.,,,,,,,,,,,,,,,,
,,,,,Saint Martin,31264,July 2013 est.,,,,,,,Niue,"3,000,000",2009 est.,,,,,,,,,,,,,,,,
,,,,,Monaco,30500,July 2013 est.,,,,,,,Northern Mariana Islands,"60,600",Jan-09,,,,,,,,,,,,,,,,
,,,,,Gibraltar,29111,July 2013 est.,,,,,,,Gaza Strip,"51,000",2011 est.,,,,,,,,,,,,,,,,
,,,,,Palau,21108,July 2013 est.,,,,,,,,,,,,,,,,,,,,,,,,,
,,,,,Anguilla,15754,July 2013 est.,,,,,,,,,,,,,,,,,,,,,,,,,
,,,,,Dhekelia,15700,NA,,,,,,,,,,,,,,,,,,,,,,,,,
,,,,,Akrotiri,15700,NA,,,,,,,,,,,,,,,,,,,,,,,,,
,,,,,Wallis and Futuna,15507,July 2013 est.,,,,,,,,,,,,,,,,,,,,,,,,,
,,,,,Tuvalu,10698,July 2013 est.,,,,,,,,,,,,,,,,,,,,,,,,,
,,,,,Cook Islands,10447,July 2013 est.,,,,,,,,,,,,,,,,,,,,,,,,,
,,,,,Nauru,9434,July 2013 est.,,,,,,,,,,,,,,,,,,,,,,,,,
,,,,,"Saint Helena, Ascension, and Tristan da Cunha",7754,NA,,,,,,,,,,,,,,,,,,,,,,,,,
,,,,,Saint Barthelemy,7298,July 2013 est.,,,,,,,,,,,,,,,,,,,,,,,,,
,,,,,Saint Pierre and Miquelon,5774,July 2013 est.,,,,,,,,,,,,,,,,,,,,,,,,,
,,,,,Montserrat,5189,NA,,,,,,,,,,,,,,,,,,,,,,,,,
,,,,,Falkland Islands (Islas Malvinas),3140,July 2008 est.,,,,,,,,,,,,,,,,,,,,,,,,,
,,,,,Norfolk Island,2196,July 2013 est.,,,,,,,,,,,,,,,,,,,,,,,,,
,,,,,Svalbard,1921,July 2013 est.,,,,,,,,,,,,,,,,,,,,,,,,,
,,,,,Christmas Island,1513,July 2013 est.,,,,,,,,,,,,,,,,,,,,,,,,,
,,,,,Tokelau,1353,July 2013 est.,,,,,,,,,,,,,,,,,,,,,,,,,
,,,,,Niue,1229,July 2013 est.,,,,,,,,,,,,,,,,,,,,,,,,,
,,,,,Holy See (Vatican City),839,July 2013 est.,,,,,,,,,,,,,,,,,,,,,,,,,
,,,,,Cocos (Keeling) Islands,596,July 2010 est.,,,,,,,,,,,,,,,,,,,,,,,,,
,,,,,Pitcairn Islands,48,July 2012 est.,,,,,,,,,,,,,,,,,,,,,,,,,
